filename,timestamp,latitude,longitude,detections
frame_1764261747.jpg,1764261747,12.971680690775516,77.59468089870718,[]
frame_1764261748.jpg,1764261748,12.971730081344957,77.594732492799,[]
frame_1764261749.jpg,1764261749,12.971861741169867,77.59486931673652,[]
frame_1764261750.jpg,1764261750,12.971999225195532,77.59499810901792,[]
frame_1764261751.jpg,1764261751,12.972130283045315,77.59513030483497,[]
frame_1764261752.jpg,1764261752,12.972259686300163,77.5952665812021,[]
frame_1764261753.jpg,1764261753,12.972393104515758,77.59540515252684,[]
frame_1764261754.jpg,1764261754,12.972532997980379,77.59554243431936,[]
frame_1764261755.jpg,1764261755,12.97267034255972,77.59568305231764,[]
frame_1764261756.jpg,1764261756,12.972797208290874,77.59581472344314,[]
frame_1764261757.jpg,1764261757,12.972930935872197,77.59594892127451,[]
frame_1764261758.jpg,1764261758,12.973061804270584,77.59608927436932,[]
frame_1764261759.jpg,1764261759,12.97319312272752,77.59622441306172,[]
frame_1764261760.jpg,1764261760,12.973327316913558,77.59635628387771,[]
frame_1764261761.jpg,1764261761,12.973468629433357,77.59649853228996,[]
frame_1764261762.jpg,1764261762,12.97360385520296,77.59662832435359,[]
frame_1764261763.jpg,1764261763,12.973737540345619,77.5967667011034,[]
frame_1764261764.jpg,1764261764,12.97387171349212,77.59690648289447,[]
frame_1764261765.jpg,1764261765,12.97401237301517,77.59703778049897,[]
frame_1764261766.jpg,1764261766,12.974156685584129,77.59717814384788,[]
frame_1764261767.jpg,1764261767,12.974282807036477,77.59730719558829,[]
frame_1764261768.jpg,1764261768,12.97442184491263,77.59744159627616,[]
frame_1764261769.jpg,1764261769,12.97456623272475,77.59757680683155,[]
frame_1764261770.jpg,1764261770,12.974704946007927,77.59771360851832,[]
frame_1764261771.jpg,1764261771,12.974841702295288,77.59784898349017,[]
frame_1764261772.jpg,1764261772,12.974976100555434,77.59798603168993,[]
frame_1764261773.jpg,1764261773,12.975116162000104,77.5981237440193,[]
frame_1764261774.jpg,1764261774,12.975256855550024,77.59825401426234,[]
frame_1764261775.jpg,1764261775,12.975392933419874,77.59838682430373,[]
frame_1764261776.jpg,1764261776,12.975532541094529,77.59852444376838,[]
frame_1764261777.jpg,1764261777,12.975668170947024,77.5986557563351,[]
frame_1764261778.jpg,1764261778,12.975797879629148,77.59879382224216,[]
frame_1764261779.jpg,1764261779,12.975935355516903,77.5989272115665,[]
frame_1764261780.jpg,1764261780,12.97606423522284,77.59905571045785,[]
frame_1764261781.jpg,1764261781,12.976193513899824,77.5991890193845,[]
frame_1764261782.jpg,1764261782,12.976332090792157,77.59932548311875,[]
frame_1764261783.jpg,1764261783,12.97646959655587,77.59946090690175,[]
frame_1764261784.jpg,1764261784,12.97660729651251,77.5995979713644,[]
frame_1764261785.jpg,1764261785,12.976743709129776,77.59973273838017,[]
frame_1764261786.jpg,1764261786,12.976872513838776,77.5998578132379,[]
frame_1764261787.jpg,1764261787,12.977007350400289,77.60000076196376,[]
frame_1764261788.jpg,1764261788,12.977140571194134,77.60013522424218,[]
frame_1764261789.jpg,1764261789,12.97727300976208,77.60026848857997,[]
frame_1764261790.jpg,1764261790,12.97741011797522,77.60040659003923,[]
frame_1764261791.jpg,1764261791,12.977543390551862,77.60053880389368,[]
frame_1764261792.jpg,1764261792,12.977682691562771,77.60067935622804,[]
frame_1764261793.jpg,1764261793,12.977818512210872,77.60081714925923,[]
frame_1764261794.jpg,1764261794,12.97795055494708,77.60095098212636,[]
frame_1764261795.jpg,1764261795,12.978078647128585,77.60108226491515,[]
frame_1764261796.jpg,1764261796,12.978224674282307,77.60123119353185,[]
frame_1764261797.jpg,1764261797,12.978358689339013,77.60135993364517,[]
frame_1764261798.jpg,1764261798,12.978491646513298,77.60149140322265,[]
frame_1764261799.jpg,1764261799,12.978627474838103,77.60162539656433,[]
frame_1764261800.jpg,1764261800,12.978765093161272,77.6017618706469,[]
frame_1764261801.jpg,1764261801,12.978900049395838,77.60189728563616,[]
frame_1764261802.jpg,1764261802,12.979043263797218,77.60203315904998,[]
frame_1764261803.jpg,1764261803,12.979183724679816,77.60217134835825,[]
frame_1764261804.jpg,1764261804,12.979318809351621,77.60231151858264,[]
frame_1764261805.jpg,1764261805,12.979453079528012,77.60244015426967,[]
frame_1764261806.jpg,1764261806,12.979587422435028,77.60257895867447,[]
frame_1764261807.jpg,1764261807,12.979726416949307,77.60272229938396,[]
frame_1764261808.jpg,1764261808,12.979858181165362,77.6028599181117,[]
frame_1764261809.jpg,1764261809,12.979990953227952,77.60299223146689,[]
frame_1764261810.jpg,1764261810,12.980126515277467,77.60312773905956,[]
frame_1764261811.jpg,1764261811,12.980264655772885,77.6032619907264,[]
frame_1764261812.jpg,1764261812,12.980398612662936,77.60340025707494,[]
frame_1764261813.jpg,1764261813,12.980526918627605,77.60353833449774,[]
frame_1764261814.jpg,1764261814,12.980663425473262,77.60367756726717,[]
frame_1764261815.jpg,1764261815,12.980802003724454,77.60381331491047,[]
frame_1764261816.jpg,1764261816,12.980940003646529,77.6039504648546,[]
frame_1764261817.jpg,1764261817,12.981075080115627,77.60408186497573,[]
frame_1764261818.jpg,1764261818,12.981219561426537,77.60422403771915,[]
frame_1764261819.jpg,1764261819,12.981356757131614,77.60436290645542,[]
frame_1764261820.jpg,1764261820,12.981490516534926,77.60449627504453,[]
frame_1764261821.jpg,1764261821,12.981628828308821,77.60463186170989,[]
frame_1764261822.jpg,1764261822,12.98175771437277,77.60476922695817,[]
frame_1764261823.jpg,1764261823,12.981889170525971,77.60491110132944,[]
frame_1764261824.jpg,1764261824,12.98202736559736,77.60504347261045,[]
frame_1764261825.jpg,1764261825,12.982164211569389,77.60517339485394,[]
frame_1764261826.jpg,1764261826,12.982299524833806,77.60531164900613,[]
frame_1764261827.jpg,1764261827,12.982435686718198,77.60544465286108,[]
frame_1764261828.jpg,1764261828,12.98257464975444,77.6055832520149,[]
frame_1764261829.jpg,1764261829,12.982707689219145,77.60572114725055,[]
frame_1764261830.jpg,1764261830,12.982848007206883,77.60586049358466,[]
frame_1764261831.jpg,1764261831,12.982984193818249,77.60599739713753,[]
frame_1764261832.jpg,1764261832,12.983120030168205,77.6061381337865,[]
frame_1764261833.jpg,1764261833,12.983257254045636,77.60627596629541,[]
frame_1764261834.jpg,1764261834,12.983388650271722,77.60641210795357,[]
frame_1764261835.jpg,1764261835,12.983523122795676,77.60655314443987,[]
frame_1764261836.jpg,1764261836,12.983659380763765,77.60669206591527,[]
frame_1764261837.jpg,1764261837,12.983798092469456,77.60682626218093,[]
frame_1764261838.jpg,1764261838,12.983936431518874,77.60696630131545,[]
frame_1764261839.jpg,1764261839,12.984074548969216,77.6070981338262,[]
frame_1764261840.jpg,1764261840,12.984207693893373,77.60723004358215,[]
frame_1764261841.jpg,1764261841,12.984339651387335,77.60736487528946,[]
frame_1764261842.jpg,1764261842,12.984484088410158,77.60749013055286,[]
frame_1764261843.jpg,1764261843,12.984614204707423,77.60762673279042,[]
frame_1764261844.jpg,1764261844,12.98474788609014,77.60775963839167,[]
frame_1764261845.jpg,1764261845,12.984883646216716,77.60789060711423,[]
frame_1764261846.jpg,1764261846,12.985024300481816,77.60802794513518,[]
frame_1764261847.jpg,1764261847,12.985159149921804,77.60815858204212,[]
frame_1764261848.jpg,1764261848,12.985290772663028,77.60829418794658,[]
frame_1764261849.jpg,1764261849,12.985425010472381,77.60843331344986,[]
frame_1764261850.jpg,1764261850,12.985561263552704,77.60856653895712,[]
frame_1764261851.jpg,1764261851,12.985703036290968,77.60870596759659,[]
frame_1764261852.jpg,1764261852,12.98584113336862,77.60884465408137,[]
frame_1764261853.jpg,1764261853,12.985977996004177,77.60898625579047,[]
frame_1764261854.jpg,1764261854,12.98611353836596,77.6091221189048,[]
frame_1764261855.jpg,1764261855,12.986245406762407,77.60926195075662,[]
frame_1764261856.jpg,1764261856,12.986377449695278,77.60939598011377,[]
frame_1764261857.jpg,1764261857,12.986517823226137,77.60953434146238,[]
frame_1764261858.jpg,1764261858,12.986658856034445,77.60966482265006,[]
frame_1764261859.jpg,1764261859,12.98679008750338,77.60980251026834,[]
frame_1764261860.jpg,1764261860,12.98693087508155,77.60994064462652,[]
frame_1764261861.jpg,1764261861,12.987054124496911,77.61007519455714,[]
frame_1764261862.jpg,1764261862,12.987186716101496,77.610211179549,[]
frame_1764261863.jpg,1764261863,12.987324643550306,77.61035550389596,[]
frame_1764261864.jpg,1764261864,12.98746037785199,77.61049844114393,[]
frame_1764261865.jpg,1764261865,12.987599645375441,77.61062705735809,[]
frame_1764261866.jpg,1764261866,12.987738961894388,77.61076616472872,[]
frame_1764261867.jpg,1764261867,12.987873718581827,77.61090636531605,[]
frame_1764261868.jpg,1764261868,12.98800683592097,77.6110435728832,[]
frame_1764261869.jpg,1764261869,12.988153360432154,77.61118180418933,[]
frame_1764261870.jpg,1764261870,12.988289718155093,77.61132019910859,[]
frame_1764261871.jpg,1764261871,12.98842653726285,77.6114560040299,[]
frame_1764261872.jpg,1764261872,12.988567352615474,77.61159578417488,[]
frame_1764261873.jpg,1764261873,12.988698231899823,77.61173233997133,[]
frame_1764261874.jpg,1764261874,12.988832337835872,77.61186631136283,[]
frame_1764261875.jpg,1764261875,12.988961274794203,77.6120016786676,[]
frame_1764261876.jpg,1764261876,12.989092107602263,77.61213302856162,[]
frame_1764261877.jpg,1764261877,12.989237903422657,77.61227011728167,[]
frame_1764261878.jpg,1764261878,12.989366612831148,77.61239977586112,[]
frame_1764261879.jpg,1764261879,12.989503977705658,77.61253386014204,[]
frame_1764261880.jpg,1764261880,12.989644194356716,77.61266801716928,[]
frame_1764261881.jpg,1764261881,12.989775114576945,77.6127989705366,[]
frame_1764261882.jpg,1764261882,12.989914116583595,77.61293792258252,[]
frame_1764261883.jpg,1764261883,12.990043432235122,77.61306663885613,[]
frame_1764261884.jpg,1764261884,12.990182625238466,77.61320072803206,[]
frame_1764261885.jpg,1764261885,12.990314527916738,77.61333574455242,[]
frame_1764261886.jpg,1764261886,12.990447267669483,77.61347837730263,[]
frame_1764261887.jpg,1764261887,12.99058368110228,77.61361651639281,[]
frame_1764261888.jpg,1764261888,12.990719026312744,77.61374584160215,[]
frame_1764261889.jpg,1764261889,12.990857351370828,77.61388215698797,[]
frame_1764261890.jpg,1764261890,12.990993117013538,77.61401900629556,[]
frame_1764261891.jpg,1764261891,12.991128448584782,77.61415297245331,[]
frame_1764261892.jpg,1764261892,12.991268450856206,77.61428594969692,[]
frame_1764261893.jpg,1764261893,12.991405768275035,77.61442248278229,[]
frame_1764261894.jpg,1764261894,12.9915413294833,77.61456996096273,[]
frame_1764261895.jpg,1764261895,12.991673165617257,77.61470413478536,[]
frame_1764261896.jpg,1764261896,12.9918098596201,77.61484293639234,[]
frame_1764261897.jpg,1764261897,12.991942867485653,77.61498582324734,[]
frame_1764261898.jpg,1764261898,12.992076020301742,77.61511193766292,[]
frame_1764261899.jpg,1764261899,12.992218476783052,77.615251178001,[]
frame_1764261900.jpg,1764261900,12.992354251897071,77.61537936322074,[]
frame_1764261901.jpg,1764261901,12.992498043935779,77.61551573341345,[]
frame_1764261902.jpg,1764261902,12.992634433921616,77.61565176849221,[]
frame_1764261903.jpg,1764261903,12.992768454263922,77.61578331867648,[]
frame_1764261904.jpg,1764261904,12.992900763315982,77.6159202847152,[]
frame_1764261905.jpg,1764261905,12.993023976366798,77.61605208308987,[]
frame_1764261906.jpg,1764261906,12.993166471099144,77.61618922608605,[]
frame_1764261907.jpg,1764261907,12.99329625090441,77.61632558173291,[]
frame_1764261908.jpg,1764261908,12.993432782147922,77.6164661039504,[]
frame_1764261909.jpg,1764261909,12.993561983305238,77.61659660662085,[]
frame_1764261910.jpg,1764261910,12.993691303321109,77.61672520004223,[]
frame_1764261911.jpg,1764261911,12.993832445501027,77.61686489858901,[]
frame_1764261912.jpg,1764261912,12.99397273591103,77.61700519448719,[]
frame_1764261913.jpg,1764261913,12.994105564162112,77.61713536951542,[]
frame_1764261914.jpg,1764261914,12.994247178753671,77.61727874423836,[]
frame_1764261915.jpg,1764261915,12.994378479057739,77.61741945022335,[]
frame_1764261916.jpg,1764261916,12.994512195257414,77.61755571115596,[]
frame_1764261917.jpg,1764261917,12.99464320977175,77.6176859321413,[]
frame_1764261918.jpg,1764261918,12.994782807666725,77.61783017861762,[]
frame_1764261919.jpg,1764261919,12.99491724395562,77.61796195295027,[]
frame_1764261920.jpg,1764261920,12.995060724393783,77.61810544242748,[]
frame_1764261921.jpg,1764261921,12.995191083831472,77.61824014895808,[]
frame_1764261922.jpg,1764261922,12.995325002104623,77.61838216529881,[]
frame_1764261923.jpg,1764261923,12.995463763055593,77.61851598553397,[]
frame_1764261924.jpg,1764261924,12.99559720164002,77.61865024535288,[]
frame_1764261925.jpg,1764261925,12.995724951397072,77.61878590484764,[]
frame_1764261926.jpg,1764261926,12.995864775842072,77.61892487962437,[]
frame_1764261927.jpg,1764261927,12.996007611548986,77.61906233811273,[]
frame_1764261928.jpg,1764261928,12.996135688887492,77.61919368713451,[]
frame_1764261929.jpg,1764261929,12.996276711962484,77.61933714137837,[]
frame_1764261930.jpg,1764261930,12.996407507362598,77.61946631359201,[]
frame_1764261931.jpg,1764261931,12.996545206085871,77.61960848035199,[]
frame_1764261932.jpg,1764261932,12.996683308845503,77.61974595883923,[]
frame_1764261933.jpg,1764261933,12.9968209050619,77.61988075873172,[]
frame_1764261934.jpg,1764261934,12.996955335081442,77.62001916202745,[]
frame_1764261935.jpg,1764261935,12.997096904622913,77.62015102376739,[]
frame_1764261936.jpg,1764261936,12.997233495146652,77.62028990769754,[]
frame_1764261937.jpg,1764261937,12.997371205968973,77.62043298793577,[]
frame_1764261938.jpg,1764261938,12.997500850826375,77.62056778053267,[]
frame_1764261939.jpg,1764261939,12.997646675895849,77.62070873970359,[]
frame_1764261940.jpg,1764261940,12.997781185846598,77.62084193038787,[]
frame_1764261941.jpg,1764261941,12.997919274663019,77.62097615157377,[]
frame_1764261942.jpg,1764261942,12.998055942670192,77.62111967403129,[]
frame_1764261943.jpg,1764261943,12.998188890251171,77.6212606679459,[]
frame_1764261944.jpg,1764261944,12.998325391473344,77.62139821328005,[]
frame_1764261945.jpg,1764261945,12.998461454989217,77.6215328402066,[]
frame_1764261946.jpg,1764261946,12.99859802537029,77.6216697504347,[]
frame_1764261947.jpg,1764261947,12.998726967079898,77.62180930073909,[]
frame_1764261948.jpg,1764261948,12.998862414732733,77.62194844701332,[]
frame_1764261949.jpg,1764261949,12.998999193133484,77.62208261718409,[]
frame_1764261950.jpg,1764261950,12.999132693570202,77.62222338353374,[]
frame_1764261952.jpg,1764261952,12.999268281518871,77.62236297490557,[]
frame_1764261952.jpg,1764261952,12.999403727465857,77.62249514141556,[]
frame_1764261953.jpg,1764261953,12.99954185170012,77.62263326994173,[]
frame_1764261955.jpg,1764261955,12.99967362942747,77.62276844083651,[]
frame_1764261956.jpg,1764261956,12.999810406941817,77.62290541442053,[]
frame_1764261957.jpg,1764261957,12.999943026478153,77.62304436460623,[]
frame_1764261958.jpg,1764261958,13.000083113604028,77.62318176961594,[]
frame_1764261959.jpg,1764261959,13.000210977103416,77.62331932142982,[]
frame_1764261960.jpg,1764261960,13.000351351813784,77.62346329616182,[]
frame_1764261961.jpg,1764261961,13.000489728854685,77.62359777532066,[]
frame_1764261962.jpg,1764261962,13.000612424232473,77.62373041591476,[]
frame_1764261963.jpg,1764261963,13.000744084406897,77.62386348845848,[]
frame_1764261964.jpg,1764261964,13.00088446081742,77.62399855038764,[]
frame_1764261965.jpg,1764261965,13.001016979539068,77.62412307462048,[]
frame_1764261966.jpg,1764261966,13.00115713837242,77.62425430576195,[]
frame_1764261967.jpg,1764261967,13.001292693678852,77.62439311634496,[]
frame_1764261968.jpg,1764261968,13.001430553385244,77.62452697323471,[]
frame_1764261969.jpg,1764261969,13.001564568669915,77.62465852332797,[]
frame_1764261970.jpg,1764261970,13.001700772214617,77.62479719293202,[]
frame_1764261971.jpg,1764261971,13.001835352584642,77.62493793834246,[]
frame_1764261972.jpg,1764261972,13.001970155236103,77.62506490972464,[]
frame_1764261973.jpg,1764261973,13.002105122479668,77.62519754242321,[]
frame_1764261974.jpg,1764261974,13.00223708572477,77.6253363733649,[]
frame_1764261975.jpg,1764261975,13.002367688900021,77.62547551935755,[]
frame_1764261976.jpg,1764261976,13.002508733112073,77.62561494856274,[]
frame_1764261977.jpg,1764261977,13.002648638937051,77.62574604562373,[]
frame_1764261978.jpg,1764261978,13.002787099872457,77.62588311908661,[]
frame_1764261979.jpg,1764261979,13.002921276875075,77.62602271385677,[]
frame_1764261980.jpg,1764261980,13.003064659266908,77.6261538245256,[]
frame_1764261981.jpg,1764261981,13.003200210631466,77.62629636671787,[]
frame_1764261982.jpg,1764261982,13.003335125599271,77.62643751670451,[]
frame_1764261983.jpg,1764261983,13.003468995897551,77.6265721264506,[]
frame_1764261984.jpg,1764261984,13.003611790769195,77.62671086640701,[]
frame_1764261985.jpg,1764261985,13.003748677259614,77.62684458646841,[]
frame_1764261986.jpg,1764261986,13.003887415063195,77.62698503502664,[]
frame_1764261987.jpg,1764261987,13.004027325103088,77.6271226301063,[]
frame_1764261988.jpg,1764261988,13.004155534055847,77.62725715463074,[]
frame_1764261989.jpg,1764261989,13.004297243982936,77.62739457572616,[]
frame_1764261990.jpg,1764261990,13.0044325681638,77.62752856848788,[]
frame_1764261991.jpg,1764261991,13.004569247772343,77.62766115494699,[]
frame_1764261992.jpg,1764261992,13.004701129153553,77.62779797957737,[]
frame_1764261993.jpg,1764261993,13.00484245132437,77.62793280443869,[]
frame_1764261994.jpg,1764261994,13.004973707451432,77.62806899770189,[]
frame_1764261995.jpg,1764261995,13.005107351083174,77.62820525186885,[]
frame_1764261996.jpg,1764261996,13.00523742320167,77.6283443286069,[]
frame_1764261997.jpg,1764261997,13.005375771354899,77.62848750490603,[]
frame_1764261998.jpg,1764261998,13.005507444555981,77.6286232447187,[]
frame_1764261999.jpg,1764261999,13.005636649633963,77.62875989886234,[]
frame_1764262000.jpg,1764262000,13.005780681062973,77.62889328974627,[]
frame_1764262001.jpg,1764262001,13.005919291788036,77.62902833624646,[]
frame_1764262002.jpg,1764262002,13.006057967258414,77.62916302550568,[]
frame_1764262003.jpg,1764262003,13.006197544622125,77.6292998606809,[]
frame_1764262004.jpg,1764262004,13.006329600830792,77.6294285312687,[]
frame_1764262005.jpg,1764262005,13.006465195436062,77.6295632346688,[]
frame_1764262006.jpg,1764262006,13.006601814589244,77.62969673456375,[]
frame_1764262007.jpg,1764262007,13.006747415465327,77.62982947673213,[]
frame_1764262008.jpg,1764262008,13.006873246543634,77.62995784036335,[]
frame_1764262009.jpg,1764262009,13.007013026680326,77.63009566066017,[]
frame_1764262010.jpg,1764262010,13.007146658878504,77.63023711985102,[]
frame_1764262011.jpg,1764262011,13.00727737756003,77.6303713862774,[]
frame_1764262012.jpg,1764262012,13.007411699421628,77.63050541130416,[]
frame_1764262013.jpg,1764262013,13.007545478757672,77.63064697527095,[]
frame_1764262014.jpg,1764262014,13.007671197416554,77.63077978959737,[]
frame_1764262015.jpg,1764262015,13.007799327618438,77.63091764041356,[]
frame_1764262016.jpg,1764262016,13.007929537945149,77.63105093070448,[]
frame_1764262017.jpg,1764262017,13.008067009102929,77.63119689418085,[]
frame_1764262018.jpg,1764262018,13.008202265559294,77.6313240052032,[]
frame_1764262019.jpg,1764262019,13.008340141003886,77.6314604879648,[]
frame_1764262020.jpg,1764262020,13.008476757357126,77.63159975816868,[]
frame_1764262021.jpg,1764262021,13.0086149752348,77.63173692724999,[]
frame_1764262022.jpg,1764262022,13.008752013899604,77.63186721836936,[]
frame_1764262023.jpg,1764262023,13.00889172407712,77.63200559436787,[]
frame_1764262024.jpg,1764262024,13.009023996123798,77.6321425125242,[]
frame_1764262025.jpg,1764262025,13.009164672544191,77.63227880991926,[]
frame_1764262026.jpg,1764262026,13.009295280715198,77.6324161097125,[]
frame_1764262027.jpg,1764262027,13.00942735686051,77.6325458776021,[]
frame_1764262028.jpg,1764262028,13.009563956072451,77.63268782623926,[]
frame_1764262029.jpg,1764262029,13.00970108977312,77.63282185206275,[]
frame_1764262030.jpg,1764262030,13.009838375003019,77.63295520957283,[]
frame_1764262031.jpg,1764262031,13.009978430295076,77.633082630712,[]
frame_1764262032.jpg,1764262032,13.010117617265106,77.63322439510664,[]
frame_1764262033.jpg,1764262033,13.010256246411615,77.63335504372519,[]
frame_1764262034.jpg,1764262034,13.010393734787044,77.63348739626105,[]
frame_1764262035.jpg,1764262035,13.010530495324495,77.63362592016416,[]
frame_1764262036.jpg,1764262036,13.010668386162441,77.63376074865135,[]
frame_1764262037.jpg,1764262037,13.01080573205143,77.63390183425565,[]
frame_1764262038.jpg,1764262038,13.010940399831556,77.63402980759814,[]
frame_1764262039.jpg,1764262039,13.01107642712722,77.63416867814095,[]
frame_1764262040.jpg,1764262040,13.011217285714052,77.63430811046061,[]
frame_1764262041.jpg,1764262041,13.01135193287332,77.63444339706503,[]
frame_1764262042.jpg,1764262042,13.01148497778029,77.63457729353601,[]
frame_1764262043.jpg,1764262043,13.011619740233979,77.63470654279008,[]
frame_1764262044.jpg,1764262044,13.011759019760873,77.63484234900008,[]
frame_1764262045.jpg,1764262045,13.011904767396857,77.63498142401123,[]
frame_1764262046.jpg,1764262046,13.012037050598298,77.6351068135748,[]
frame_1764262047.jpg,1764262047,13.012171558766825,77.63523741471897,[]
frame_1764262048.jpg,1764262048,13.012310573222722,77.63537862684409,[]
frame_1764262049.jpg,1764262049,13.01244704670343,77.6355088892319,[]
frame_1764262050.jpg,1764262050,13.012576716490843,77.6356416223931,[]
frame_1764262051.jpg,1764262051,13.012705442087979,77.63576836717482,[]
frame_1764262052.jpg,1764262052,13.012839852622848,77.63590449788393,[]
frame_1764262053.jpg,1764262053,13.012975137613408,77.63604407513502,[]
frame_1764262054.jpg,1764262054,13.013111952134052,77.63617984199374,[]
frame_1764262055.jpg,1764262055,13.013251035971681,77.63631644747339,[]
frame_1764262056.jpg,1764262056,13.01338146214228,77.63644704266895,[]
frame_1764262057.jpg,1764262057,13.01351755702387,77.6365820789383,[]
frame_1764262058.jpg,1764262058,13.013658018536544,77.63672099041368,[]
frame_1764262059.jpg,1764262059,13.013794287168007,77.63685656838811,[]
frame_1764262060.jpg,1764262060,13.013925594241872,77.63699125653905,[]
frame_1764262061.jpg,1764262061,13.014059528368538,77.63713053152564,[]
frame_1764262062.jpg,1764262062,13.014193446442805,77.6372619781063,[]
frame_1764262063.jpg,1764262063,13.014328459070232,77.6373957808723,[]
frame_1764262064.jpg,1764262064,13.01446257229172,77.6375341668015,[]
frame_1764262065.jpg,1764262065,13.014600949630806,77.63766420823956,[]
frame_1764262066.jpg,1764262066,13.01473744472294,77.63780190312612,[]
frame_1764262067.jpg,1764262067,13.014871559149132,77.6379346999208,[]
frame_1764262068.jpg,1764262068,13.015011339843428,77.63806927664203,[]
frame_1764262069.jpg,1764262069,13.015149078752614,77.63820278197527,[]
frame_1764262070.jpg,1764262070,13.015286670256108,77.63833721523488,[]
frame_1764262071.jpg,1764262071,13.015422782457064,77.6384729956444,[]
frame_1764262072.jpg,1764262072,13.015549006558647,77.63860232039654,[]
frame_1764262073.jpg,1764262073,13.015684100481224,77.63874029274142,[]
frame_1764262074.jpg,1764262074,13.01582057303671,77.63887607764872,[]
frame_1764262075.jpg,1764262075,13.015954652105693,77.63901408963547,[]
frame_1764262076.jpg,1764262076,13.016091765700008,77.63914513026441,[]
frame_1764262077.jpg,1764262077,13.016230147242926,77.63927544388,[]
frame_1764262078.jpg,1764262078,13.016360627031887,77.63941157417538,[]
frame_1764262079.jpg,1764262079,13.016500309911507,77.63954380238145,[]
frame_1764262080.jpg,1764262080,13.016638412455071,77.6396769368028,[]
frame_1764262081.jpg,1764262081,13.016774574927693,77.63981677979471,[]
frame_1764262082.jpg,1764262082,13.016906341548186,77.63995679400311,[]
frame_1764262083.jpg,1764262083,13.01703663945183,77.6400904492314,[]
frame_1764262084.jpg,1764262084,13.017165809580025,77.6402240341452,[]
frame_1764262085.jpg,1764262085,13.017305781333466,77.64036311716215,[]
frame_1764262086.jpg,1764262086,13.017438576656184,77.64049658119002,[]
frame_1764262087.jpg,1764262087,13.017574186132169,77.64063302993323,[]
frame_1764262088.jpg,1764262088,13.017706844101875,77.6407670431326,[]
frame_1764262089.jpg,1764262089,13.017840102869227,77.64090418945548,[]
frame_1764262090.jpg,1764262090,13.017977781569313,77.6410412221683,[]
frame_1764262091.jpg,1764262091,13.018109554721589,77.64117722105364,[]
frame_1764262092.jpg,1764262092,13.018249271971541,77.6413086652973,[]
frame_1764262093.jpg,1764262093,13.01837996720392,77.64144003703798,[]
frame_1764262094.jpg,1764262094,13.018516731154977,77.64158043133224,[]
frame_1764262095.jpg,1764262095,13.018643782486734,77.64171009102095,[]
frame_1764262096.jpg,1764262096,13.018779057686743,77.64185148721482,[]
frame_1764262097.jpg,1764262097,13.018912619797264,77.64198787907038,[]
frame_1764262098.jpg,1764262098,13.019049957447981,77.64213245721044,[]
frame_1764262099.jpg,1764262099,13.019183117207906,77.64226008359242,[]
frame_1764262100.jpg,1764262100,13.01931834266241,77.64239311246187,[]
frame_1764262101.jpg,1764262101,13.019454730926483,77.64252561095086,[]
frame_1764262102.jpg,1764262102,13.019590162864734,77.64266780552148,[]
frame_1764262103.jpg,1764262103,13.0197252910977,77.64280399040781,[]
frame_1764262104.jpg,1764262104,13.019860882710134,77.64294106237531,[]
frame_1764262105.jpg,1764262105,13.01999650047754,77.64307489642596,[]
frame_1764262106.jpg,1764262106,13.020135233926073,77.64320904936199,[]
frame_1764262107.jpg,1764262107,13.02026852691812,77.64334402880971,[]
frame_1764262108.jpg,1764262108,13.020403684262291,77.64348195079228,[]
frame_1764262109.jpg,1764262109,13.020536685084137,77.64361361943847,[]
frame_1764262110.jpg,1764262110,13.020670434049197,77.64374997360024,[]
frame_1764262111.jpg,1764262111,13.020805201854474,77.64388691360895,[]
frame_1764262112.jpg,1764262112,13.020939225023058,77.64401965973688,[]
frame_1764262113.jpg,1764262113,13.021073288345695,77.6441531518516,[]
frame_1764262114.jpg,1764262114,13.021207887912064,77.64429127361957,[]
frame_1764262115.jpg,1764262115,13.021346075434327,77.64442135968804,[]
frame_1764262116.jpg,1764262116,13.021483379308048,77.64455387020494,[]
frame_1764262117.jpg,1764262117,13.021620852162016,77.64468780366687,[]
frame_1764262118.jpg,1764262118,13.021754817037161,77.64482691317336,[]
frame_1764262119.jpg,1764262119,13.02188815947567,77.64495822020336,[]
frame_1764262120.jpg,1764262120,13.02202625735228,77.64509193832443,[]
frame_1764262121.jpg,1764262121,13.022161663900492,77.64523197447552,[]
frame_1764262122.jpg,1764262122,13.022289654393411,77.64536744341507,[]
frame_1764262123.jpg,1764262123,13.022420632107565,77.645503599721,[]
frame_1764262124.jpg,1764262124,13.022555611087137,77.64564132352012,[]
frame_1764262125.jpg,1764262125,13.022694083598608,77.64577964236358,[]
frame_1764262126.jpg,1764262126,13.022828656056822,77.64591291677361,[]
frame_1764262127.jpg,1764262127,13.022957651912598,77.64604297955026,[]
frame_1764262128.jpg,1764262128,13.023090394642837,77.6461769446143,[]
frame_1764262129.jpg,1764262129,13.023223367589067,77.64630492348957,[]
frame_1764262130.jpg,1764262130,13.02335850689302,77.64643603080273,[]
frame_1764262131.jpg,1764262131,13.023496518433655,77.64657780438435,[]
frame_1764262132.jpg,1764262132,13.023634000240094,77.6467105025537,[]
frame_1764262133.jpg,1764262133,13.023762505819219,77.64685235642504,[]
frame_1764262134.jpg,1764262134,13.023900025871638,77.64699033245337,[]
frame_1764262135.jpg,1764262135,13.024034934617635,77.64711915247214,[]
frame_1764262136.jpg,1764262136,13.024171501408786,77.64725416799939,[]
frame_1764262137.jpg,1764262137,13.024304778893008,77.64738794320135,[]
frame_1764262138.jpg,1764262138,13.024442201409691,77.64751927843136,[]
frame_1764262139.jpg,1764262139,13.024576758644153,77.64766002757608,[]
frame_1764262140.jpg,1764262140,13.024716542731579,77.64779778417939,[]
frame_1764262141.jpg,1764262141,13.024855798459452,77.6479293856507,[]
frame_1764262142.jpg,1764262142,13.024993924184342,77.64805719593335,[]
frame_1764262143.jpg,1764262143,13.02512428120519,77.64819144697874,[]
frame_1764262144.jpg,1764262144,13.025263693171526,77.64833133455515,[]
frame_1764262145.jpg,1764262145,13.025398108015867,77.64846912474874,[]
frame_1764262146.jpg,1764262146,13.025536016612174,77.64860291915434,[]
frame_1764262147.jpg,1764262147,13.02567069217656,77.64873619543786,[]
frame_1764262148.jpg,1764262148,13.02580159879979,77.64886972949782,[]
frame_1764262149.jpg,1764262149,13.025931502094586,77.64900781850446,[]
frame_1764262150.jpg,1764262150,13.026068021689891,77.64914100694416,[]
frame_1764262151.jpg,1764262151,13.02620362362487,77.64927872492677,[]
frame_1764262152.jpg,1764262152,13.026338932847516,77.64941161929838,[]
frame_1764262153.jpg,1764262153,13.02647365467457,77.64954967751993,[]
frame_1764262154.jpg,1764262154,13.02660710121859,77.64968478103857,[]
frame_1764262155.jpg,1764262155,13.026738615481383,77.64982010042186,[]
frame_1764262156.jpg,1764262156,13.026879281457553,77.64995813739303,[]
frame_1764262157.jpg,1764262157,13.027007987276328,77.65009192952877,[]
frame_1764262158.jpg,1764262158,13.027141280275618,77.65022716095648,[]
frame_1764262159.jpg,1764262159,13.027274201840072,77.65036301297222,[]
frame_1764262160.jpg,1764262160,13.027405378008497,77.65049978993349,[]
frame_1764262161.jpg,1764262161,13.027539980329866,77.65062910933872,[]
frame_1764262162.jpg,1764262162,13.027675299989,77.65076104268883,[]
frame_1764262163.jpg,1764262163,13.027802833821072,77.65089280974402,[]
frame_1764262164.jpg,1764262164,13.0279406179882,77.651025521527,[]
frame_1764262165.jpg,1764262165,13.028079580923697,77.65116605678841,[]
frame_1764262166.jpg,1764262166,13.028221587052034,77.65131386421434,[]
frame_1764262167.jpg,1764262167,13.028356660158654,77.65145016023331,[]
frame_1764262168.jpg,1764262168,13.028490813496807,77.65157970497971,[]
frame_1764262169.jpg,1764262169,13.028623042940513,77.65171575934573,[]
frame_1764262170.jpg,1764262170,13.028760976973578,77.65184770061907,[]
frame_1764262171.jpg,1764262171,13.028895535983994,77.65198367096113,[]
frame_1764262172.jpg,1764262172,13.029022692761137,77.65211514103291,[]
frame_1764262173.jpg,1764262173,13.029164031799942,77.65225919144844,[]
frame_1764262174.jpg,1764262174,13.029295581281097,77.6523926358601,[]
frame_1764262175.jpg,1764262175,13.029434191524816,77.65252349395821,[]
frame_1764262176.jpg,1764262176,13.029561543854719,77.65265537791028,[]
frame_1764262177.jpg,1764262177,13.029698584022672,77.65279137978325,[]
frame_1764262178.jpg,1764262178,13.029832072120364,77.65292101670462,[]
frame_1764262179.jpg,1764262179,13.029966943076841,77.65305789965733,[]
frame_1764262180.jpg,1764262180,13.030101160528487,77.65318853315073,[]
frame_1764262181.jpg,1764262181,13.03023079735282,77.65332093873899,[]
frame_1764262182.jpg,1764262182,13.030359380663384,77.65345273776437,[]
frame_1764262183.jpg,1764262183,13.030489926742044,77.65358435662237,[]
frame_1764262184.jpg,1764262184,13.030618079366079,77.65371982154235,[]
frame_1764262185.jpg,1764262185,13.030754002823686,77.65385724770127,[]
frame_1764262186.jpg,1764262186,13.030889022183631,77.65399393769367,[]
frame_1764262187.jpg,1764262187,13.031031604205962,77.65412552106872,[]
frame_1764262188.jpg,1764262188,13.031167654887724,77.65426036155,[]
frame_1764262189.jpg,1764262189,13.031304194808047,77.65439495553413,[]
frame_1764262190.jpg,1764262190,13.031446689433276,77.65453571937195,[]
frame_1764262191.jpg,1764262191,13.03158265837775,77.65467201770335,[]
frame_1764262192.jpg,1764262192,13.03171747262772,77.65481277411195,[]
frame_1764262193.jpg,1764262193,13.031850286110773,77.65494623118232,[]
frame_1764262194.jpg,1764262194,13.03199258862284,77.65508218543512,[]
frame_1764262195.jpg,1764262195,13.032117573794437,77.65520740384883,[]
frame_1764262196.jpg,1764262196,13.032248402385624,77.65533892021537,[]
frame_1764262197.jpg,1764262197,13.032382610027573,77.65547602717078,[]
frame_1764262198.jpg,1764262198,13.032516976272692,77.65561337278955,[]
frame_1764262199.jpg,1764262199,13.032652536842381,77.6557374439427,[]
frame_1764262200.jpg,1764262200,13.032788707888841,77.6558767519675,[]
frame_1764262201.jpg,1764262201,13.03292586189189,77.65601099834653,[]
frame_1764262202.jpg,1764262202,13.033057747977342,77.65614875087205,[]
frame_1764262203.jpg,1764262203,13.033193770974151,77.65628651950475,[]
frame_1764262204.jpg,1764262204,13.03332817655464,77.65642207597075,[]
frame_1764262205.jpg,1764262205,13.033464813563704,77.65656443791764,[]
frame_1764262206.jpg,1764262206,13.0335957606801,77.65669936579036,[]
frame_1764262207.jpg,1764262207,13.033733084131223,77.65683258152855,[]
frame_1764262208.jpg,1764262208,13.033875223876885,77.65696625503683,[]
frame_1764262209.jpg,1764262209,13.034011599917886,77.65709984878852,[]
frame_1764262210.jpg,1764262210,13.034150906790156,77.65723546858725,[]
frame_1764262211.jpg,1764262211,13.034289876745264,77.65736784877372,[]
frame_1764262212.jpg,1764262212,13.034425302328438,77.65750799267603,[]
frame_1764262213.jpg,1764262213,13.03457075178032,77.65764268122642,[]
frame_1764262214.jpg,1764262214,13.034703605269545,77.657781434437,[]
frame_1764262215.jpg,1764262215,13.034839448634497,77.65791594075344,[]
frame_1764262216.jpg,1764262216,13.034975303317848,77.6580523290459,[]
frame_1764262217.jpg,1764262217,13.035105315717423,77.65818644773121,[]
frame_1764262218.jpg,1764262218,13.03524655084504,77.6583197609829,[]
frame_1764262219.jpg,1764262219,13.035380375988494,77.65845331504329,[]
frame_1764262220.jpg,1764262220,13.035521166235396,77.65858660472921,[]
frame_1764262221.jpg,1764262221,13.035658754658552,77.65872981180665,[]
frame_1764262222.jpg,1764262222,13.035791431153203,77.65886416766563,[]
frame_1764262223.jpg,1764262223,13.035924377280729,77.6589977134583,[]
frame_1764262224.jpg,1764262224,13.03605602748141,77.65912498707084,[]
frame_1764262225.jpg,1764262225,13.03619386663514,77.65925924849711,[]
frame_1764262226.jpg,1764262226,13.036325976034155,77.65939143043234,[]
frame_1764262227.jpg,1764262227,13.036463912260128,77.65952970877986,[]
frame_1764262228.jpg,1764262228,13.036601007284842,77.65966500172455,[]
frame_1764262229.jpg,1764262229,13.036734690992326,77.65980375023913,[]
frame_1764262230.jpg,1764262230,13.036867482138542,77.6599387347569,[]
frame_1764262231.jpg,1764262231,13.037005655497701,77.66007693107119,[]
frame_1764262232.jpg,1764262232,13.037137188021001,77.66021629264368,[]
frame_1764262233.jpg,1764262233,13.037267526451297,77.66035307119628,[]
frame_1764262234.jpg,1764262234,13.037399134471707,77.66048120709884,[]
frame_1764262235.jpg,1764262235,13.03753462545706,77.66061765426572,[]
frame_1764262236.jpg,1764262236,13.037668454057153,77.66074753292793,[]
frame_1764262237.jpg,1764262237,13.037798876583787,77.66087661374725,[]
frame_1764262238.jpg,1764262238,13.03792984437041,77.66101194971834,[]
frame_1764262239.jpg,1764262239,13.038066151464065,77.66115361484563,[]
frame_1764262240.jpg,1764262240,13.03819918249569,77.66128496183873,[]
frame_1764262241.jpg,1764262241,13.038332246344343,77.66142412801287,[]
frame_1764262242.jpg,1764262242,13.038471346623572,77.66156132736634,[]
frame_1764262243.jpg,1764262243,13.038600027226199,77.66169807118571,[]
frame_1764262244.jpg,1764262244,13.038740015784432,77.66183435469105,[]
frame_1764262245.jpg,1764262245,13.038872142363587,77.66196934392511,[]
frame_1764262246.jpg,1764262246,13.039009790096372,77.66210282900158,[]
frame_1764262247.jpg,1764262247,13.039146943637084,77.66223827855453,[]
frame_1764262248.jpg,1764262248,13.039279873129816,77.66237700619872,[]
frame_1764262249.jpg,1764262249,13.039415203159404,77.66251150913646,[]
frame_1764262250.jpg,1764262250,13.039547647676109,77.66264580146084,[]
frame_1764262251.jpg,1764262251,13.039683685081178,77.66278228241787,[]
frame_1764262252.jpg,1764262252,13.039816080703758,77.66291653515579,[]
frame_1764262253.jpg,1764262253,13.03994695953101,77.66304831156015,[]
frame_1764262254.jpg,1764262254,13.040082111016279,77.66318802873734,[]
frame_1764262255.jpg,1764262255,13.040215873781074,77.66332500188847,[]
frame_1764262256.jpg,1764262256,13.040349753555898,77.66347033342194,[]
frame_1764262257.jpg,1764262257,13.040489856562068,77.66361196020716,[]
frame_1764262258.jpg,1764262258,13.04062515800071,77.66374057357795,[]
frame_1764262259.jpg,1764262259,13.040758752242017,77.66386945328406,[]
frame_1764262260.jpg,1764262260,13.040899148247885,77.66400672986815,[]
frame_1764262261.jpg,1764262261,13.041044863816524,77.66414135542635,[]
frame_1764262262.jpg,1764262262,13.041182895213396,77.66427386567044,[]
frame_1764262263.jpg,1764262263,13.041320630240923,77.66440793458545,[]
frame_1764262264.jpg,1764262264,13.041452880981076,77.66454333978217,[]
frame_1764262265.jpg,1764262265,13.041581575637487,77.66467722113225,[]
frame_1764262266.jpg,1764262266,13.04172324168759,77.66482069643389,[]
frame_1764262267.jpg,1764262267,13.041853931731403,77.66495314073843,[]
frame_1764262268.jpg,1764262268,13.041986692627606,77.66508331678406,[]
frame_1764262269.jpg,1764262269,13.04212190145869,77.66522190997081,[]
frame_1764262270.jpg,1764262270,13.042256259886686,77.66535407452703,[]
frame_1764262271.jpg,1764262271,13.042391246141776,77.66548742986254,[]
frame_1764262272.jpg,1764262272,13.042529492077371,77.66561884578795,[]
frame_1764262273.jpg,1764262273,13.042667171538216,77.66575755554332,[]
frame_1764262274.jpg,1764262274,13.042806950070258,77.66589916214667,[]
frame_1764262275.jpg,1764262275,13.04293620006949,77.66602667750752,[]
frame_1764262276.jpg,1764262276,13.043072643551485,77.6661684644788,[]
frame_1764262277.jpg,1764262277,13.043200165717554,77.6663034771894,[]
frame_1764262278.jpg,1764262278,13.043339595927122,77.66644229178999,[]
frame_1764262279.jpg,1764262279,13.043472484918837,77.66657316091738,[]
frame_1764262280.jpg,1764262280,13.043604487495134,77.66671065723813,[]
frame_1764262281.jpg,1764262281,13.043745984938848,77.66684512077019,[]
frame_1764262282.jpg,1764262282,13.043885881261629,77.666980408623,[]
frame_1764262283.jpg,1764262283,13.044018837312317,77.66711195604118,[]
frame_1764262284.jpg,1764262284,13.044150099603938,77.66724676567667,[]
frame_1764262285.jpg,1764262285,13.044274038940737,77.66737723408511,[]
frame_1764262286.jpg,1764262286,13.044412307283258,77.66751342341024,[]
frame_1764262287.jpg,1764262287,13.044549705481845,77.66765729498023,[]
frame_1764262288.jpg,1764262288,13.044682253624288,77.66778741818734,[]
frame_1764262289.jpg,1764262289,13.044816162803448,77.66792618499711,[]
frame_1764262290.jpg,1764262290,13.044945802915356,77.66806046082321,[]
frame_1764262291.jpg,1764262291,13.045086170959165,77.66819643693708,[]
frame_1764262292.jpg,1764262292,13.045219009843038,77.66833211714335,[]
frame_1764262293.jpg,1764262293,13.045358507935147,77.66847199528792,[]
frame_1764262294.jpg,1764262294,13.045492801847889,77.66860604998526,[]
frame_1764262295.jpg,1764262295,13.045626747859929,77.6687413789564,[]
frame_1764262296.jpg,1764262296,13.045762512646359,77.66888273345742,[]
frame_1764262297.jpg,1764262297,13.045899501770721,77.66902207598464,[]
frame_1764262298.jpg,1764262298,13.04603359551158,77.66915531991074,[]
frame_1764262299.jpg,1764262299,13.046172159099367,77.66929397703665,[]
frame_1764262300.jpg,1764262300,13.046309807101292,77.6694282392374,[]
frame_1764262301.jpg,1764262301,13.046445488357854,77.66955707302446,[]
frame_1764262302.jpg,1764262302,13.046587428974291,77.66968624350673,[]
frame_1764262303.jpg,1764262303,13.046718908584896,77.66981910573503,[]
frame_1764262304.jpg,1764262304,13.046850630759115,77.66995203485045,[]
frame_1764262305.jpg,1764262305,13.04699598326265,77.67008926978203,[]
frame_1764262306.jpg,1764262306,13.047124607120736,77.67022795375338,[]
frame_1764262307.jpg,1764262307,13.047263807544725,77.67036278459089,[]
frame_1764262308.jpg,1764262308,13.04739950703068,77.67049853089144,[]
frame_1764262309.jpg,1764262309,13.047534633873221,77.67063085075574,[]
frame_1764262310.jpg,1764262310,13.047672643992238,77.67076038271244,[]
frame_1764262311.jpg,1764262311,13.047810185757504,77.67089099854532,[]
frame_1764262312.jpg,1764262312,13.047940806259602,77.67102636764032,[]
frame_1764262313.jpg,1764262313,13.048073811001057,77.6711610334446,[]
frame_1764262314.jpg,1764262314,13.04820418520181,77.67129287183437,[]
frame_1764262315.jpg,1764262315,13.048342674874982,77.67143008660179,[]
frame_1764262316.jpg,1764262316,13.048472920171848,77.67156042109563,[]
frame_1764262317.jpg,1764262317,13.048610386321423,77.67169638531871,[]
frame_1764262318.jpg,1764262318,13.048738895808219,77.67182690425433,[]
frame_1764262319.jpg,1764262319,13.048881015909298,77.67196432172913,[]
frame_1764262320.jpg,1764262320,13.049021086654497,77.67210063361226,[]
frame_1764262321.jpg,1764262321,13.049160661940578,77.67223909006344,[]
frame_1764262322.jpg,1764262322,13.049292540201954,77.67237482919208,[]
frame_1764262323.jpg,1764262323,13.049421745777193,77.6725039655643,[]
frame_1764262324.jpg,1764262324,13.049556838265786,77.67264592649049,[]
frame_1764262325.jpg,1764262325,13.049693381381251,77.67278454572353,[]
frame_1764262326.jpg,1764262326,13.049824840976518,77.67292195066398,[]
frame_1764262327.jpg,1764262327,13.049956057105598,77.67306205565845,[]
frame_1764262328.jpg,1764262328,13.05009120659395,77.67319281141681,[]
frame_1764262329.jpg,1764262329,13.050229519719805,77.67333116757509,[]
frame_1764262330.jpg,1764262330,13.05036777138294,77.67346558157368,[]
frame_1764262331.jpg,1764262331,13.050510079508637,77.67360257450892,[]
frame_1764262332.jpg,1764262332,13.050640613385516,77.67373793267409,[]
frame_1764262333.jpg,1764262333,13.050778616761216,77.67387975700899,[]
frame_1764262334.jpg,1764262334,13.05090972808776,77.67401395342436,[]
frame_1764262335.jpg,1764262335,13.05104681698505,77.67415063164232,[]
frame_1764262336.jpg,1764262336,13.051182425922004,77.67428755496216,[]
frame_1764262337.jpg,1764262337,13.051320562163328,77.67442508272072,[]
frame_1764262338.jpg,1764262338,13.051452460956796,77.67455725284903,[]
frame_1764262339.jpg,1764262339,13.051585814679848,77.67469105231154,[]
frame_1764262340.jpg,1764262340,13.05172250612718,77.67482667342752,[]
frame_1764262341.jpg,1764262341,13.051858484897508,77.67496497307131,[]
frame_1764262342.jpg,1764262342,13.05198960351727,77.67509323399906,[]
frame_1764262343.jpg,1764262343,13.052124595637714,77.6752269001719,[]
frame_1764262344.jpg,1764262344,13.052265964589031,77.67536362623558,[]
frame_1764262345.jpg,1764262345,13.052395302134459,77.6754899915607,[]
frame_1764262346.jpg,1764262346,13.052532581369073,77.67562633178603,[]
frame_1764262347.jpg,1764262347,13.052666992045605,77.67576016883868,[]
frame_1764262348.jpg,1764262348,13.052802796429305,77.67589967750804,[]
frame_1764262349.jpg,1764262349,13.05294052068467,77.67603439285372,[]
frame_1764262350.jpg,1764262350,13.053072976325272,77.6761678010625,[]
frame_1764262352.jpg,1764262352,13.053207928545975,77.67630685673653,[]
frame_1764262353.jpg,1764262353,13.05334168878707,77.67644256191348,[]
frame_1764262353.jpg,1764262353,13.053473793570687,77.67657802280523,[]
frame_1764262355.jpg,1764262355,13.053612735829349,77.6767177444182,[]
frame_1764262356.jpg,1764262356,13.053749389583716,77.6768463426329,[]
frame_1764262357.jpg,1764262357,13.053887584226066,77.67698670425823,[]
frame_1764262358.jpg,1764262358,13.05401537598956,77.67712239407291,[]
frame_1764262359.jpg,1764262359,13.054152319380535,77.67725705826192,[]
frame_1764262360.jpg,1764262360,13.054282198461216,77.6773913139538,[]
frame_1764262360.jpg,1764262360,13.054413770775499,77.67752997964834,[]
frame_1764262362.jpg,1764262362,13.054559561896607,77.67767425598502,[]
frame_1764262363.jpg,1764262363,13.054689998754627,77.67780376180431,[]
frame_1764262364.jpg,1764262364,13.05482511917985,77.67794362120216,[]
frame_1764262365.jpg,1764262365,13.054957446589885,77.67808654148801,[]
frame_1764262366.jpg,1764262366,13.055090709010797,77.67822136015631,[]
frame_1764262367.jpg,1764262367,13.055229249788637,77.67836073121663,[]
frame_1764262368.jpg,1764262368,13.055362128104932,77.67849476986363,[]
frame_1764262369.jpg,1764262369,13.0554981193212,77.6786313691471,[]
frame_1764262370.jpg,1764262370,13.055629165060768,77.67876515309972,[]
frame_1764262371.jpg,1764262371,13.055761130133885,77.67890364795832,[]
frame_1764262372.jpg,1764262372,13.05589849045442,77.67903525380854,[]
frame_1764262373.jpg,1764262373,13.056037991248363,77.67917875091398,[]
frame_1764262374.jpg,1764262374,13.056173660948541,77.67931482775545,[]
frame_1764262375.jpg,1764262375,13.056306005316431,77.67944469131513,[]
frame_1764262376.jpg,1764262376,13.056442418882357,77.67958447336584,[]
frame_1764262377.jpg,1764262377,13.056579024988302,77.67972513942334,[]
frame_1764262378.jpg,1764262378,13.056714837420888,77.67985870313613,[]
frame_1764262379.jpg,1764262379,13.056849936073766,77.67999906285064,[]
frame_1764262380.jpg,1764262380,13.056981730500633,77.68012800560271,[]
frame_1764262381.jpg,1764262381,13.05712415918178,77.68026396016927,[]
frame_1764262382.jpg,1764262382,13.057269813062163,77.68039712376219,[]
frame_1764262383.jpg,1764262383,13.05740321162533,77.68053449662638,[]
frame_1764262384.jpg,1764262384,13.057539466877968,77.68067310130559,[]
frame_1764262385.jpg,1764262385,13.057670572595942,77.68080682481798,[]
frame_1764262386.jpg,1764262386,13.057797519871468,77.68094061909723,[]
frame_1764262387.jpg,1764262387,13.057932153300506,77.68107445374406,[]
frame_1764262388.jpg,1764262388,13.058070172186587,77.68121530254187,[]
frame_1764262389.jpg,1764262389,13.05820529525436,77.6813468689072,[]
frame_1764262390.jpg,1764262390,13.058341206509025,77.68147977263648,[]
frame_1764262391.jpg,1764262391,13.058471580953283,77.68161478340087,[]
frame_1764262392.jpg,1764262392,13.058605946185834,77.68175195600628,[]
frame_1764262393.jpg,1764262393,13.058746103156547,77.68188436912871,[]
frame_1764262394.jpg,1764262394,13.058882555265924,77.68202019701111,[]
frame_1764262395.jpg,1764262395,13.059016590331769,77.68215525722387,[]
frame_1764262396.jpg,1764262396,13.059149954226825,77.68229286175453,[]
frame_1764262397.jpg,1764262397,13.059280551099086,77.68242813324251,[]
frame_1764262398.jpg,1764262398,13.05940872028106,77.68255839584953,[]
frame_1764262399.jpg,1764262399,13.059540894557262,77.68269143916996,[]
frame_1764262400.jpg,1764262400,13.059671985683355,77.68282865651993,[]
frame_1764262401.jpg,1764262401,13.059809648444643,77.68296229250784,[]
frame_1764262402.jpg,1764262402,13.059941572525075,77.6830970260541,[]
frame_1764262403.jpg,1764262403,13.06007276380762,77.68323361831797,[]
frame_1764262404.jpg,1764262404,13.060209309510517,77.68337097280568,[]
frame_1764262405.jpg,1764262405,13.060339055162334,77.68350457576555,[]
frame_1764262406.jpg,1764262406,13.060482917389164,77.68364056724648,[]
frame_1764262407.jpg,1764262407,13.060625532744586,77.68377189074032,[]
frame_1764262408.jpg,1764262408,13.060760487896653,77.68390158405143,[]
frame_1764262409.jpg,1764262409,13.060904068757567,77.68403819562445,[]
frame_1764262410.jpg,1764262410,13.061034894167715,77.68417022960791,[]
frame_1764262411.jpg,1764262411,13.061163014901227,77.68430404374395,[]
frame_1764262412.jpg,1764262412,13.061296511102665,77.68443439231488,[]
frame_1764262413.jpg,1764262413,13.061432767160635,77.6845698707979,[]
